{
  "task": "reach-v3",
  "seed": 420,
  "total_steps": 150000,
  "best_return": 3743.170866975499,
  "final_return": 1533.3392475322157,
  "final_success": 0.2,
  "wall_time_sec": 3554.864094018936,
  "steps_per_sec": 42.19570594903338
}